CREATE DATABASE  IF NOT EXISTS `mini-crm` /*!40100 DEFAULT CHARACTER SET utf8 COLLATE utf8_unicode_ci */;
USE `mini-crm`;
-- MySQL dump 10.13  Distrib 5.7.9, for Win64 (x86_64)
--
-- Host: client.expensesquare.com    Database: mini-crm
-- ------------------------------------------------------
-- Server version	5.7.20-0ubuntu0.16.04.1

/*!40101 SET @OLD_CHARACTER_SET_CLIENT=@@CHARACTER_SET_CLIENT */;
/*!40101 SET @OLD_CHARACTER_SET_RESULTS=@@CHARACTER_SET_RESULTS */;
/*!40101 SET @OLD_COLLATION_CONNECTION=@@COLLATION_CONNECTION */;
/*!40101 SET NAMES utf8 */;
/*!40103 SET @OLD_TIME_ZONE=@@TIME_ZONE */;
/*!40103 SET TIME_ZONE='+00:00' */;
/*!40014 SET @OLD_UNIQUE_CHECKS=@@UNIQUE_CHECKS, UNIQUE_CHECKS=0 */;
/*!40014 SET @OLD_FOREIGN_KEY_CHECKS=@@FOREIGN_KEY_CHECKS, FOREIGN_KEY_CHECKS=0 */;
/*!40101 SET @OLD_SQL_MODE=@@SQL_MODE, SQL_MODE='NO_AUTO_VALUE_ON_ZERO' */;
/*!40111 SET @OLD_SQL_NOTES=@@SQL_NOTES, SQL_NOTES=0 */;

--
-- Table structure for table `agricultur_industry`
--

DROP TABLE IF EXISTS `agricultur_industry`;
/*!40101 SET @saved_cs_client     = @@character_set_client */;
/*!40101 SET character_set_client = utf8 */;
CREATE TABLE `agricultur_industry` (
  `id` int(11) NOT NULL AUTO_INCREMENT,
  `user_id` varchar(45) NOT NULL,
  `user_type` varchar(45) DEFAULT NULL,
  `name` varchar(45) DEFAULT NULL,
  `phone_no` varchar(45) DEFAULT NULL,
  `village` varchar(45) DEFAULT NULL,
  `taluk` varchar(45) DEFAULT NULL,
  `district` varchar(45) DEFAULT NULL,
  `country` varchar(45) DEFAULT NULL,
  `full_address` varchar(45) DEFAULT NULL,
  `crop_1` varchar(45) DEFAULT NULL,
  `crop_2` varchar(45) DEFAULT NULL,
  `crop_3` varchar(45) DEFAULT NULL,
  `crop_4` varchar(45) DEFAULT NULL,
  `crop_5` varchar(45) DEFAULT NULL,
  `total_acres` varchar(45) DEFAULT NULL,
  `firm_name` varchar(45) DEFAULT NULL,
  `dealer_name` varchar(45) DEFAULT NULL,
  `alternative_no` varchar(45) DEFAULT NULL,
  `tin_number` varchar(45) DEFAULT NULL,
  `licence_number` varchar(45) DEFAULT NULL,
  `business_nature` varchar(45) DEFAULT NULL,
  `fertilizer` tinyint(4) DEFAULT NULL,
  `pesticide` tinyint(4) DEFAULT NULL,
  `seeds` tinyint(4) DEFAULT NULL,
  `motive` varchar(45) DEFAULT NULL,
  `others` varchar(200) DEFAULT NULL,
  `adhaar_no` varchar(45) DEFAULT NULL,
  `description` varchar(200) DEFAULT NULL,
  `email_address` varchar(45) DEFAULT NULL,
  `state` varchar(45) DEFAULT NULL,
  PRIMARY KEY (`id`),
  UNIQUE KEY `user_id_UNIQUE` (`user_id`)
) ENGINE=InnoDB AUTO_INCREMENT=30 DEFAULT CHARSET=utf8;
/*!40101 SET character_set_client = @saved_cs_client */;

--
-- Dumping data for table `agricultur_industry`
--

LOCK TABLES `agricultur_industry` WRITE;
/*!40000 ALTER TABLE `agricultur_industry` DISABLE KEYS */;
INSERT INTO `agricultur_industry` VALUES (1,'11','farmer','katta','9248712734','ggm',NULL,NULL,NULL,'ihvgcxtudtu','-NA-','-NA-','-NA-',NULL,NULL,'',NULL,NULL,NULL,NULL,NULL,NULL,NULL,NULL,NULL,NULL,NULL,'214245672672','',NULL,NULL),(9,'4','farmer','giri','9949128900','','','','India','jbcycgvu','','','','','','',NULL,NULL,NULL,NULL,NULL,NULL,NULL,NULL,NULL,NULL,NULL,'572767575767','',NULL,''),(14,'20','Dealer',NULL,'9959192999',NULL,'-NA-','-NA-','-NA-','-NA-',NULL,NULL,NULL,NULL,NULL,NULL,'venkat','venkat siddi','-NA-','-NA-','5555','-NA-',1,1,1,NULL,'-NA-',NULL,NULL,'-NA-','-NA-'),(15,'2000','enthusiast','hau','9949128900',NULL,NULL,NULL,'India','shhshshs',NULL,NULL,NULL,NULL,NULL,NULL,NULL,NULL,NULL,NULL,NULL,NULL,NULL,NULL,NULL,'fssdhsh',NULL,NULL,NULL,'csgs@gagahh.com','sgshs'),(19,'61','farmer','sai','9701920320','qqqqqqqqqqqqqqqqqqqqqqqqqqqqqqqqqqqqqqqqqqqqq','qqqqqqqqqqqqqqqqqqqqqqqqqqqqqqqqqqqqqqqqqqqqq','qqqqqqqqqqqqqqqqqqqqqqqqqqqqqqqqqqqqqqqqqqqqq','India','jjj','qqqqqqqqqqqqqqqqqqqqqqqqqqqqqqqqqqqqqqqqqqqqq','qqqqqqqqqqqqqqqqqqqqqqqqqqqqqqqqqqqqqqqqqqqqq','qqqqqqqqqqqqqqqqqqqqqqqqqqqqqqqqqqqqqqqqqqqqq','qqqqqqqqqqqqqqqqqqqqqqqqqqqqqqqqqqqqqqqqqqqqq','qqqqqqqqqqqqqqqqqqqqqqqqqqqqqqqqqqqqqqqqqqqqq','qqqqqqqqqqqqqqqqqqqqqqqqqqqqqqqqqqqqqqqqqqqqq',NULL,NULL,NULL,NULL,NULL,NULL,NULL,NULL,NULL,NULL,NULL,'000000000000','qqqqqqqqqqqqqqqqqqqqqqqqqqqqqqqqqqqqqqqqqqqqqqqqqqqqqqqqqqqqqqqqqqqqqqqqqqqqqqqqqqqqqqqqqqqqqqqqqqqqqqqqqqqqqqqqqqqqqqqqqqqqqqqqqqqqqqqqqqqqqqqqqqqqqqqqqqqqqqqqqqqqqqqqqqqqqqqqqqqqqqqqqqqqqqqqqqqqqqqq',NULL,'qqqqqqqqqqqqqqqqqqqqqqqqqqqqqqqqqqqqqqqqqqqqq'),(21,'65','farmer','rama reddy','9866487347','aravalli','tanuku','west gadavari','India','test address','bajra','','','','','4',NULL,NULL,NULL,NULL,NULL,NULL,NULL,NULL,NULL,NULL,NULL,'125478965235','\n\n',NULL,'andhra pradesh'),(22,'777851','farmer','Ssi','9701920320','pdtr',NULL,NULL,'India','adasd','Coffee','Tea','Barley Groats',NULL,NULL,'',NULL,NULL,NULL,NULL,NULL,NULL,NULL,NULL,NULL,NULL,NULL,'809098900909','',NULL,NULL),(26,'779627','enthusiast','sat','8978869997',NULL,NULL,NULL,'India','f add',NULL,NULL,NULL,NULL,NULL,NULL,NULL,NULL,NULL,NULL,NULL,NULL,NULL,NULL,NULL,'motive',NULL,NULL,NULL,'email','state'),(28,'408','enthusiast','pas','8801624705',NULL,NULL,NULL,'India','ggg',NULL,NULL,NULL,NULL,NULL,NULL,NULL,NULL,NULL,NULL,NULL,NULL,NULL,NULL,NULL,'yy',NULL,NULL,NULL,'gg','gg'),(29,'779698','dealer',NULL,'9030712734',NULL,NULL,NULL,NULL,'jhshddhh',NULL,NULL,NULL,NULL,NULL,NULL,'katta firm','katta','9248712734','hshs7373','jshdjd2277','jxhxhd',1,1,1,NULL,'Hshdhd',NULL,NULL,'hshs@hehs.djd',NULL);
/*!40000 ALTER TABLE `agricultur_industry` ENABLE KEYS */;
UNLOCK TABLES;

--
-- Table structure for table `industries`
--

DROP TABLE IF EXISTS `industries`;
/*!40101 SET @saved_cs_client     = @@character_set_client */;
/*!40101 SET character_set_client = utf8 */;
CREATE TABLE `industries` (
  `id` int(11) NOT NULL AUTO_INCREMENT,
  `industry_name` varchar(45) DEFAULT NULL,
  PRIMARY KEY (`id`)
) ENGINE=InnoDB AUTO_INCREMENT=9 DEFAULT CHARSET=utf8;
/*!40101 SET character_set_client = @saved_cs_client */;

--
-- Dumping data for table `industries`
--

LOCK TABLES `industries` WRITE;
/*!40000 ALTER TABLE `industries` DISABLE KEYS */;
INSERT INTO `industries` VALUES (1,'Hospitality'),(2,'Agriculture'),(3,'Life Sciences'),(4,'Property Management'),(5,'E-Learning'),(7,'Airports'),(8,'Expense');
/*!40000 ALTER TABLE `industries` ENABLE KEYS */;
UNLOCK TABLES;

--
-- Table structure for table `industry_objects`
--

DROP TABLE IF EXISTS `industry_objects`;
/*!40101 SET @saved_cs_client     = @@character_set_client */;
/*!40101 SET character_set_client = utf8 */;
CREATE TABLE `industry_objects` (
  `id` int(11) NOT NULL AUTO_INCREMENT,
  `industryId` int(11) NOT NULL,
  `objectId` int(11) NOT NULL,
  `childObjectIds` varchar(250) NOT NULL,
  `createdDate` datetime NOT NULL,
  `modifiedDate` datetime NOT NULL,
  `sortingOrder` int(4) NOT NULL,
  `roleLevel` int(11) DEFAULT '-1',
  `role` varchar(45) DEFAULT NULL,
  `active` tinyint(4) DEFAULT '0',
  `companyId` varchar(45) DEFAULT NULL,
  PRIMARY KEY (`id`)
) ENGINE=InnoDB AUTO_INCREMENT=247 DEFAULT CHARSET=latin1;
/*!40101 SET character_set_client = @saved_cs_client */;

--
-- Dumping data for table `industry_objects`
--

LOCK TABLES `industry_objects` WRITE;
/*!40000 ALTER TABLE `industry_objects` DISABLE KEYS */;
INSERT INTO `industry_objects` VALUES (14,8,15,'','2016-06-03 00:00:00','2016-06-03 00:00:00',3,1,'admin',1,NULL),(15,8,16,'','2016-06-03 00:00:00','2016-06-03 00:00:00',4,1,'admin',1,NULL),(16,8,17,'','2016-06-03 00:00:00','2016-06-03 00:00:00',5,1,'admin',1,NULL),(21,8,32,'','2016-08-26 17:16:39','2016-08-26 17:16:39',1,1,'admin',1,NULL),(25,8,9,'','2016-06-09 00:00:00','2016-06-09 00:00:00',7,1,'admin',1,NULL),(40,8,37,'','2016-06-09 00:00:00','2016-06-09 00:00:00',2,1,'admin',1,NULL),(42,8,35,'','2016-06-09 00:00:00','2016-06-09 00:00:00',10,0,'superAdmin',1,'0'),(44,8,32,'','2017-01-16 09:42:59','2017-01-16 09:42:59',0,2,'Manager',1,'5873706be4b0038469105a5b'),(45,8,15,'','2017-01-16 09:42:59','2017-01-16 09:42:59',0,2,'Manager',1,'5873706be4b0038469105a5b'),(46,8,16,'','2017-01-16 09:42:59','2017-01-16 09:42:59',0,2,'Manager',1,'5873706be4b0038469105a5b'),(47,8,17,'','2017-01-16 09:42:59','2017-01-16 09:42:59',0,2,'Manager',1,'5873706be4b0038469105a5b'),(48,8,9,'','2017-01-16 09:42:59','2017-01-16 09:42:59',0,2,'Manager',1,'5873706be4b0038469105a5b'),(49,8,38,'','2017-01-16 09:42:59','2017-01-16 09:42:59',0,2,'Manager',1,'5873706be4b0038469105a5b'),(50,8,32,'','2017-02-18 03:02:15','2017-02-18 03:02:15',0,2,'FinancialAdmin',1,'58a6e797e4b0ad34861675b4'),(51,8,15,'','2017-02-18 03:02:15','2017-02-18 03:02:15',0,2,'FinancialAdmin',1,'58a6e797e4b0ad34861675b4'),(52,8,16,'','2017-02-18 03:02:15','2017-02-18 03:02:15',0,2,'FinancialAdmin',1,'58a6e797e4b0ad34861675b4'),(53,8,17,'','2017-02-18 03:02:15','2017-02-18 03:02:15',0,2,'FinancialAdmin',1,'58a6e797e4b0ad34861675b4'),(54,8,5,'','2017-02-18 03:02:15','2017-02-18 03:02:15',0,2,'FinancialAdmin',1,'58a6e797e4b0ad34861675b4'),(55,8,9,'','2017-02-18 03:02:15','2017-02-18 03:02:15',0,2,'FinancialAdmin',1,'58a6e797e4b0ad34861675b4'),(56,8,38,'','2017-02-18 03:02:15','2017-02-18 03:02:15',0,2,'FinancialAdmin',1,'58a6e797e4b0ad34861675b4'),(57,8,32,'','2017-02-18 03:02:25','2017-02-18 03:02:25',0,2,'FinancialAdmin',1,'58a6e797e4b0ad34861675b4'),(58,8,15,'','2017-02-18 03:02:25','2017-02-18 03:02:25',0,2,'FinancialAdmin',1,'58a6e797e4b0ad34861675b4'),(59,8,16,'','2017-02-18 03:02:25','2017-02-18 03:02:25',0,2,'FinancialAdmin',1,'58a6e797e4b0ad34861675b4'),(60,8,17,'','2017-02-18 03:02:25','2017-02-18 03:02:25',0,2,'FinancialAdmin',1,'58a6e797e4b0ad34861675b4'),(61,8,5,'','2017-02-18 03:02:25','2017-02-18 03:02:25',0,2,'FinancialAdmin',1,'58a6e797e4b0ad34861675b4'),(62,8,9,'','2017-02-18 03:02:25','2017-02-18 03:02:25',0,2,'FinancialAdmin',1,'58a6e797e4b0ad34861675b4'),(63,8,38,'','2017-02-18 03:02:25','2017-02-18 03:02:25',0,2,'FinancialAdmin',1,'58a6e797e4b0ad34861675b4'),(64,8,32,'','2017-02-20 10:56:01','2017-02-20 10:56:01',0,2,'FinanceAdmin',1,'58aac689e4b0ad34861675cd'),(65,8,15,'','2017-02-20 10:56:01','2017-02-20 10:56:01',0,2,'FinanceAdmin',1,'58aac689e4b0ad34861675cd'),(66,8,16,'','2017-02-20 10:56:01','2017-02-20 10:56:01',0,2,'FinanceAdmin',1,'58aac689e4b0ad34861675cd'),(67,8,17,'','2017-02-20 10:56:01','2017-02-20 10:56:01',0,2,'FinanceAdmin',1,'58aac689e4b0ad34861675cd'),(68,8,5,'','2017-02-20 10:56:01','2017-02-20 10:56:01',0,2,'FinanceAdmin',1,'58aac689e4b0ad34861675cd'),(69,8,9,'','2017-02-20 10:56:01','2017-02-20 10:56:01',0,2,'FinanceAdmin',1,'58aac689e4b0ad34861675cd'),(70,8,38,'','2017-02-20 10:56:01','2017-02-20 10:56:01',0,2,'FinanceAdmin',1,'58aac689e4b0ad34861675cd'),(71,8,32,'','2017-02-20 10:56:45','2017-02-20 10:56:45',0,2,'Manager',1,'58aac689e4b0ad34861675cd'),(72,8,15,'','2017-02-20 10:56:45','2017-02-20 10:56:45',0,2,'Manager',1,'58aac689e4b0ad34861675cd'),(73,8,16,'','2017-02-20 10:56:45','2017-02-20 10:56:45',0,2,'Manager',1,'58aac689e4b0ad34861675cd'),(74,8,17,'','2017-02-20 10:56:45','2017-02-20 10:56:45',0,2,'Manager',1,'58aac689e4b0ad34861675cd'),(75,8,5,'','2017-02-20 10:56:45','2017-02-20 10:56:45',0,2,'Manager',1,'58aac689e4b0ad34861675cd'),(76,8,9,'','2017-02-20 10:56:45','2017-02-20 10:56:45',0,2,'Manager',1,'58aac689e4b0ad34861675cd'),(77,8,38,'','2017-02-20 10:56:45','2017-02-20 10:56:45',0,2,'Manager',1,'58aac689e4b0ad34861675cd'),(79,8,34,'','2017-02-20 10:56:01','2017-02-20 10:56:01',8,1,'admin',1,'58aac689e4b0ad34861675cd'),(80,8,34,'','2017-02-21 08:47:04','2017-02-21 08:47:04',0,2,'FinancialAdmin',1,'5880a61ae4b0ad3486167597'),(81,8,32,'','2017-02-26 20:31:20','2017-02-26 20:31:20',1,1,'admin',1,'58b33b18e4b04836e6a41cb9'),(82,8,37,'','2017-02-26 20:31:20','2017-02-26 20:31:20',2,1,'admin',1,'58b33b18e4b04836e6a41cb9'),(83,8,15,'','2017-02-26 20:31:20','2017-02-26 20:31:20',3,1,'admin',1,'58b33b18e4b04836e6a41cb9'),(84,8,16,'','2017-02-26 20:31:20','2017-02-26 20:31:20',4,1,'admin',1,'58b33b18e4b04836e6a41cb9'),(85,8,17,'','2017-02-26 20:31:20','2017-02-26 20:31:20',5,1,'admin',1,'58b33b18e4b04836e6a41cb9'),(87,8,9,'','2017-02-26 20:31:20','2017-02-26 20:31:20',7,1,'admin',1,'58b33b18e4b04836e6a41cb9'),(89,8,34,'','2017-02-26 20:31:20','2017-02-26 20:31:20',9,1,'admin',1,'58b33b18e4b04836e6a41cb9'),(90,8,32,'','2017-02-26 22:55:56','2017-02-26 22:55:56',1,1,'admin',1,'58b35cfbe4b04836e6a41cd6'),(91,8,37,'','2017-02-26 22:55:56','2017-02-26 22:55:56',3,1,'admin',1,'58b35cfbe4b04836e6a41cd6'),(92,8,15,'','2017-02-26 22:55:56','2017-02-26 22:55:56',5,1,'admin',1,'58b35cfbe4b04836e6a41cd6'),(93,8,16,'','2017-02-26 22:55:56','2017-02-26 22:55:56',7,1,'admin',1,'58b35cfbe4b04836e6a41cd6'),(94,8,17,'','2017-02-26 22:55:56','2017-02-26 22:55:56',9,1,'admin',1,'58b35cfbe4b04836e6a41cd6'),(96,8,9,'','2017-02-26 22:55:56','2017-02-26 22:55:56',13,1,'admin',1,'58b35cfbe4b04836e6a41cd6'),(97,8,34,'','2017-02-26 22:55:56','2017-02-26 22:55:56',15,1,'admin',1,'58b35cfbe4b04836e6a41cd6'),(99,8,32,'','2017-03-08 14:25:00','2017-03-08 14:25:00',1,1,'admin',1,'58c0143ce4b04836e6a41d25'),(100,8,37,'','2017-03-08 14:25:00','2017-03-08 14:25:00',4,1,'admin',1,'58c0143ce4b04836e6a41d25'),(101,8,15,'','2017-03-08 14:25:00','2017-03-08 14:25:00',7,1,'admin',1,'58c0143ce4b04836e6a41d25'),(102,8,16,'','2017-03-08 14:25:00','2017-03-08 14:25:00',9,1,'admin',1,'58c0143ce4b04836e6a41d25'),(103,8,17,'','2017-03-08 14:25:00','2017-03-08 14:25:00',11,1,'admin',1,'58c0143ce4b04836e6a41d25'),(105,8,9,'','2017-03-08 14:25:00','2017-03-08 14:25:00',16,1,'admin',1,'58c0143ce4b04836e6a41d25'),(106,8,34,'','2017-03-08 14:25:00','2017-03-08 14:25:00',19,1,'admin',1,'58c0143ce4b04836e6a41d25'),(107,8,45,'38,43,39','2017-03-08 14:25:00','2017-03-08 14:25:00',8,1,'admin',1,NULL),(108,8,32,'','2017-03-23 02:04:17','2017-03-23 02:04:17',1,1,'admin',1,'58d32d20e4b0a3de0b204611'),(109,8,37,'','2017-03-23 02:04:17','2017-03-23 02:04:17',5,1,'admin',1,'58d32d20e4b0a3de0b204611'),(110,8,15,'','2017-03-23 02:04:17','2017-03-23 02:04:17',7,1,'admin',1,'58d32d20e4b0a3de0b204611'),(111,8,16,'','2017-03-23 02:04:17','2017-03-23 02:04:17',10,1,'admin',1,'58d32d20e4b0a3de0b204611'),(112,8,17,'','2017-03-23 02:04:17','2017-03-23 02:04:17',13,1,'admin',1,'58d32d20e4b0a3de0b204611'),(113,8,9,'','2017-03-23 02:04:17','2017-03-23 02:04:17',16,1,'admin',1,'58d32d20e4b0a3de0b204611'),(114,8,45,'38,43,39','2017-03-23 02:04:17','2017-03-23 02:04:17',20,1,'admin',1,'58d32d20e4b0a3de0b204611'),(115,8,34,'','2017-03-23 02:04:17','2017-03-23 02:04:17',21,1,'admin',1,'58d32d20e4b0a3de0b204611'),(116,8,32,'','2017-03-23 02:20:12','2017-03-23 02:20:12',0,3,'Employee',1,'58a7bacae4b0ad34861675c1'),(117,8,15,'','2017-03-23 02:20:12','2017-03-23 02:20:12',0,3,'Employee',1,'58a7bacae4b0ad34861675c1'),(118,8,16,'','2017-03-23 02:20:12','2017-03-23 02:20:12',0,3,'Employee',1,'58a7bacae4b0ad34861675c1'),(119,8,32,'','2017-03-23 18:12:15','2017-03-23 18:12:15',1,1,'admin',1,'58d40fffe4b00625adb265e5'),(120,8,37,'','2017-03-23 18:12:15','2017-03-23 18:12:15',6,1,'admin',1,'58d40fffe4b00625adb265e5'),(121,8,15,'','2017-03-23 18:12:15','2017-03-23 18:12:15',8,1,'admin',1,'58d40fffe4b00625adb265e5'),(122,8,16,'','2017-03-23 18:12:15','2017-03-23 18:12:15',11,1,'admin',1,'58d40fffe4b00625adb265e5'),(123,8,17,'','2017-03-23 18:12:15','2017-03-23 18:12:15',14,1,'admin',1,'58d40fffe4b00625adb265e5'),(124,8,9,'','2017-03-23 18:12:15','2017-03-23 18:12:15',18,1,'admin',1,'58d40fffe4b00625adb265e5'),(125,8,34,'','2017-03-23 18:12:15','2017-03-23 18:12:15',23,1,'admin',1,'58d40fffe4b00625adb265e5'),(126,8,45,'38,43,39','2017-03-23 18:12:15','2017-03-23 18:12:15',24,1,'admin',1,'58d40fffe4b00625adb265e5'),(127,8,32,'','2017-06-13 05:21:57','2017-06-13 05:21:57',0,3,'Lead',1,'5880a61ae4b0ad3486167597'),(128,8,15,'','2017-06-13 05:21:57','2017-06-13 05:21:57',0,3,'Lead',1,'5880a61ae4b0ad3486167597'),(129,8,16,'','2017-06-13 05:21:57','2017-06-13 05:21:57',0,3,'Lead',1,'5880a61ae4b0ad3486167597'),(130,8,32,'','2017-06-13 05:22:34','2017-06-13 05:22:34',0,2,'Manager',1,'5880a61ae4b0ad3486167597'),(131,8,15,'','2017-06-13 05:22:34','2017-06-13 05:22:34',0,2,'Manager',1,'5880a61ae4b0ad3486167597'),(132,8,16,'','2017-06-13 05:22:34','2017-06-13 05:22:34',0,2,'Manager',1,'5880a61ae4b0ad3486167597'),(133,8,17,'','2017-06-13 05:22:34','2017-06-13 05:22:34',0,2,'Manager',1,'5880a61ae4b0ad3486167597'),(134,8,32,'','2017-06-13 05:22:58','2017-06-13 05:22:58',0,2,'FinancialAdmin',1,'5880a61ae4b0ad3486167597'),(135,8,17,'','2017-06-13 05:22:58','2017-06-13 05:22:58',0,2,'FinancialAdmin',1,'5880a61ae4b0ad3486167597'),(136,8,9,'','2017-06-13 05:22:58','2017-06-13 05:22:58',0,2,'FinancialAdmin',1,'5880a61ae4b0ad3486167597'),(137,8,45,'','2017-06-13 05:22:58','2017-06-13 05:22:58',0,2,'FinancialAdmin',1,'5880a61ae4b0ad3486167597'),(138,8,32,'','2017-07-15 14:49:26','2017-07-15 14:49:26',0,2,'Manager',1,'58a7bacae4b0ad34861675c1'),(139,8,15,'','2017-07-15 14:49:26','2017-07-15 14:49:26',0,2,'Manager',1,'58a7bacae4b0ad34861675c1'),(140,8,16,'','2017-07-15 14:49:26','2017-07-15 14:49:26',0,2,'Manager',1,'58a7bacae4b0ad34861675c1'),(141,8,17,'','2017-07-15 14:49:26','2017-07-15 14:49:26',0,2,'Manager',1,'58a7bacae4b0ad34861675c1'),(142,8,9,'','2017-07-15 14:49:26','2017-07-15 14:49:26',0,2,'Manager',1,'58a7bacae4b0ad34861675c1'),(143,8,32,'','2017-09-08 12:32:26','2017-09-08 12:32:26',1,1,'admin',1,'59b28ddae4b05c80a0c94e6c'),(144,8,37,'','2017-09-08 12:32:26','2017-09-08 12:32:26',7,1,'admin',1,'59b28ddae4b05c80a0c94e6c'),(145,8,15,'','2017-09-08 12:32:26','2017-09-08 12:32:26',9,1,'admin',1,'59b28ddae4b05c80a0c94e6c'),(146,8,16,'','2017-09-08 12:32:26','2017-09-08 12:32:26',12,1,'admin',1,'59b28ddae4b05c80a0c94e6c'),(147,8,17,'','2017-09-08 12:32:26','2017-09-08 12:32:26',15,1,'admin',1,'59b28ddae4b05c80a0c94e6c'),(148,8,9,'','2017-09-08 12:32:26','2017-09-08 12:32:26',20,1,'admin',1,'59b28ddae4b05c80a0c94e6c'),(149,8,45,'38,43,39','2017-09-08 12:32:26','2017-09-08 12:32:26',25,1,'admin',1,'59b28ddae4b05c80a0c94e6c'),(150,8,34,'','2017-09-08 12:32:26','2017-09-08 12:32:26',26,1,'admin',1,'59b28ddae4b05c80a0c94e6c'),(151,8,32,'','2017-09-08 17:18:10','2017-09-08 17:18:10',1,1,'admin',1,'59b2d0d1e4b00b9f551ead9e'),(152,8,37,'','2017-09-08 17:18:10','2017-09-08 17:18:10',8,1,'admin',1,'59b2d0d1e4b00b9f551ead9e'),(153,8,15,'','2017-09-08 17:18:10','2017-09-08 17:18:10',10,1,'admin',1,'59b2d0d1e4b00b9f551ead9e'),(154,8,16,'','2017-09-08 17:18:10','2017-09-08 17:18:10',13,1,'admin',1,'59b2d0d1e4b00b9f551ead9e'),(155,8,17,'','2017-09-08 17:18:10','2017-09-08 17:18:10',17,1,'admin',1,'59b2d0d1e4b00b9f551ead9e'),(156,8,9,'','2017-09-08 17:18:10','2017-09-08 17:18:10',23,1,'admin',1,'59b2d0d1e4b00b9f551ead9e'),(157,8,45,'38,43,39','2017-09-08 17:18:10','2017-09-08 17:18:10',27,1,'admin',1,'59b2d0d1e4b00b9f551ead9e'),(158,8,34,'','2017-09-08 17:18:10','2017-09-08 17:18:10',28,1,'admin',1,'59b2d0d1e4b00b9f551ead9e'),(159,8,32,'','2017-09-09 07:35:25','2017-09-09 07:35:25',1,1,'admin',1,'59b399bde4b00b9f551eada2'),(160,8,37,'','2017-09-09 07:35:25','2017-09-09 07:35:25',9,1,'admin',1,'59b399bde4b00b9f551eada2'),(161,8,15,'','2017-09-09 07:35:25','2017-09-09 07:35:25',11,1,'admin',1,'59b399bde4b00b9f551eada2'),(162,8,16,'','2017-09-09 07:35:25','2017-09-09 07:35:25',14,1,'admin',1,'59b399bde4b00b9f551eada2'),(163,8,17,'','2017-09-09 07:35:25','2017-09-09 07:35:25',18,1,'admin',1,'59b399bde4b00b9f551eada2'),(164,8,9,'','2017-09-09 07:35:25','2017-09-09 07:35:25',25,1,'admin',1,'59b399bde4b00b9f551eada2'),(165,8,45,'38,43,39','2017-09-09 07:35:25','2017-09-09 07:35:25',30,1,'admin',1,'59b399bde4b00b9f551eada2'),(166,8,34,'','2017-09-09 07:35:25','2017-09-09 07:35:25',31,1,'admin',1,'59b399bde4b00b9f551eada2'),(167,8,32,'','2017-09-09 07:36:29','2017-09-09 07:36:29',1,1,'admin',1,'59b399fde4b00b9f551eada3'),(168,8,37,'','2017-09-09 07:36:29','2017-09-09 07:36:29',10,1,'admin',1,'59b399fde4b00b9f551eada3'),(169,8,15,'','2017-09-09 07:36:29','2017-09-09 07:36:29',12,1,'admin',1,'59b399fde4b00b9f551eada3'),(170,8,16,'','2017-09-09 07:36:29','2017-09-09 07:36:29',15,1,'admin',1,'59b399fde4b00b9f551eada3'),(171,8,17,'','2017-09-09 07:36:29','2017-09-09 07:36:29',18,1,'admin',1,'59b399fde4b00b9f551eada3'),(172,8,9,'','2017-09-09 07:36:29','2017-09-09 07:36:29',24,1,'admin',1,'59b399fde4b00b9f551eada3'),(173,8,45,'38,43,39','2017-09-09 07:36:29','2017-09-09 07:36:29',30,1,'admin',1,'59b399fde4b00b9f551eada3'),(174,8,34,'','2017-09-09 07:36:29','2017-09-09 07:36:29',32,1,'admin',1,'59b399fde4b00b9f551eada3'),(175,8,32,'','2017-09-11 05:29:02','2017-09-11 05:29:02',1,1,'admin',1,'59b61f1de4b00b9f551eada8'),(176,8,37,'','2017-09-11 05:29:02','2017-09-11 05:29:02',11,1,'admin',1,'59b61f1de4b00b9f551eada8'),(177,8,15,'','2017-09-11 05:29:02','2017-09-11 05:29:02',13,1,'admin',1,'59b61f1de4b00b9f551eada8'),(178,8,16,'','2017-09-11 05:29:02','2017-09-11 05:29:02',17,1,'admin',1,'59b61f1de4b00b9f551eada8'),(179,8,17,'','2017-09-11 05:29:02','2017-09-11 05:29:02',20,1,'admin',1,'59b61f1de4b00b9f551eada8'),(180,8,9,'','2017-09-11 05:29:02','2017-09-11 05:29:02',24,1,'admin',1,'59b61f1de4b00b9f551eada8'),(181,8,34,'','2017-09-11 05:29:02','2017-09-11 05:29:02',30,1,'admin',1,'59b61f1de4b00b9f551eada8'),(182,8,45,'38,43,39','2017-09-11 05:29:02','2017-09-11 05:29:02',32,1,'admin',1,'59b61f1de4b00b9f551eada8'),(183,8,32,'','2017-09-11 05:29:55','2017-09-11 05:29:55',1,1,'admin',1,'59b61f53e4b00b9f551eada9'),(184,8,37,'','2017-09-11 05:29:55','2017-09-11 05:29:55',12,1,'admin',1,'59b61f53e4b00b9f551eada9'),(185,8,15,'','2017-09-11 05:29:55','2017-09-11 05:29:55',14,1,'admin',1,'59b61f53e4b00b9f551eada9'),(186,8,16,'','2017-09-11 05:29:55','2017-09-11 05:29:55',17,1,'admin',1,'59b61f53e4b00b9f551eada9'),(187,8,17,'','2017-09-11 05:29:55','2017-09-11 05:29:55',22,1,'admin',1,'59b61f53e4b00b9f551eada9'),(188,8,9,'','2017-09-11 05:29:55','2017-09-11 05:29:55',27,1,'admin',1,'59b61f53e4b00b9f551eada9'),(189,8,45,'38,43,39','2017-09-11 05:29:55','2017-09-11 05:29:55',32,1,'admin',1,'59b61f53e4b00b9f551eada9'),(190,8,34,'','2017-09-11 05:29:55','2017-09-11 05:29:55',33,1,'admin',1,'59b61f53e4b00b9f551eada9'),(191,8,32,'','2017-09-11 05:39:17','2017-09-11 05:39:17',1,1,'admin',1,'59b62184e4b00b9f551eadaa'),(192,8,37,'','2017-09-11 05:39:17','2017-09-11 05:39:17',13,1,'admin',1,'59b62184e4b00b9f551eadaa'),(193,8,15,'','2017-09-11 05:39:17','2017-09-11 05:39:17',15,1,'admin',1,'59b62184e4b00b9f551eadaa'),(194,8,16,'','2017-09-11 05:39:17','2017-09-11 05:39:17',18,1,'admin',1,'59b62184e4b00b9f551eadaa'),(195,8,17,'','2017-09-11 05:39:17','2017-09-11 05:39:17',22,1,'admin',1,'59b62184e4b00b9f551eadaa'),(196,8,9,'','2017-09-11 05:39:17','2017-09-11 05:39:17',28,1,'admin',1,'59b62184e4b00b9f551eadaa'),(197,8,45,'38,43,39','2017-09-11 05:39:17','2017-09-11 05:39:17',32,1,'admin',1,'59b62184e4b00b9f551eadaa'),(198,8,34,'','2017-09-11 05:39:17','2017-09-11 05:39:17',33,1,'admin',1,'59b62184e4b00b9f551eadaa'),(199,8,32,'','2017-09-11 05:41:33','2017-09-11 05:41:33',1,1,'admin',1,'59b6220ce4b00b9f551eadab'),(200,8,37,'','2017-09-11 05:41:33','2017-09-11 05:41:33',14,1,'admin',1,'59b6220ce4b00b9f551eadab'),(201,8,15,'','2017-09-11 05:41:33','2017-09-11 05:41:33',16,1,'admin',1,'59b6220ce4b00b9f551eadab'),(202,8,16,'','2017-09-11 05:41:33','2017-09-11 05:41:33',19,1,'admin',1,'59b6220ce4b00b9f551eadab'),(203,8,17,'','2017-09-11 05:41:33','2017-09-11 05:41:33',22,1,'admin',1,'59b6220ce4b00b9f551eadab'),(204,8,9,'','2017-09-11 05:41:33','2017-09-11 05:41:33',27,1,'admin',1,'59b6220ce4b00b9f551eadab'),(205,8,34,'','2017-09-11 05:41:33','2017-09-11 05:41:33',33,1,'admin',1,'59b6220ce4b00b9f551eadab'),(206,8,45,'38,43,39','2017-09-11 05:41:33','2017-09-11 05:41:33',34,1,'admin',1,'59b6220ce4b00b9f551eadab'),(207,8,32,'','2017-09-11 05:44:34','2017-09-11 05:44:34',1,1,'admin',1,'59b622c2e4b00b9f551eadac'),(208,8,37,'','2017-09-11 05:44:34','2017-09-11 05:44:34',15,1,'admin',1,'59b622c2e4b00b9f551eadac'),(209,8,15,'','2017-09-11 05:44:34','2017-09-11 05:44:34',17,1,'admin',1,'59b622c2e4b00b9f551eadac'),(210,8,16,'','2017-09-11 05:44:34','2017-09-11 05:44:34',20,1,'admin',1,'59b622c2e4b00b9f551eadac'),(211,8,17,'','2017-09-11 05:44:34','2017-09-11 05:44:34',23,1,'admin',1,'59b622c2e4b00b9f551eadac'),(212,8,9,'','2017-09-11 05:44:34','2017-09-11 05:44:34',28,1,'admin',1,'59b622c2e4b00b9f551eadac'),(213,8,34,'','2017-09-11 05:44:34','2017-09-11 05:44:34',34,1,'admin',1,'59b622c2e4b00b9f551eadac'),(214,8,45,'38,43,39','2017-09-11 05:44:34','2017-09-11 05:44:34',35,1,'admin',1,'59b622c2e4b00b9f551eadac'),(215,8,32,'','2017-09-11 05:50:04','2017-09-11 05:50:04',1,1,'admin',1,'59b6240be4b00b9f551eadad'),(216,8,37,'','2017-09-11 05:50:04','2017-09-11 05:50:04',16,1,'admin',1,'59b6240be4b00b9f551eadad'),(217,8,15,'','2017-09-11 05:50:04','2017-09-11 05:50:04',18,1,'admin',1,'59b6240be4b00b9f551eadad'),(218,8,16,'','2017-09-11 05:50:04','2017-09-11 05:50:04',21,1,'admin',1,'59b6240be4b00b9f551eadad'),(219,8,17,'','2017-09-11 05:50:04','2017-09-11 05:50:04',24,1,'admin',1,'59b6240be4b00b9f551eadad'),(220,8,9,'','2017-09-11 05:50:04','2017-09-11 05:50:04',29,1,'admin',1,'59b6240be4b00b9f551eadad'),(221,8,34,'','2017-09-11 05:50:04','2017-09-11 05:50:04',35,1,'admin',1,'59b6240be4b00b9f551eadad'),(222,8,45,'38,43,39','2017-09-11 05:50:04','2017-09-11 05:50:04',36,1,'admin',1,'59b6240be4b00b9f551eadad'),(223,8,32,'','2017-09-12 09:11:07','2017-09-12 09:11:07',1,1,'admin',1,'59b7a4aae4b0242804aca54e'),(224,8,37,'','2017-09-12 09:11:07','2017-09-12 09:11:07',17,1,'admin',1,'59b7a4aae4b0242804aca54e'),(225,8,15,'','2017-09-12 09:11:07','2017-09-12 09:11:07',19,1,'admin',1,'59b7a4aae4b0242804aca54e'),(226,8,16,'','2017-09-12 09:11:07','2017-09-12 09:11:07',22,1,'admin',1,'59b7a4aae4b0242804aca54e'),(227,8,17,'','2017-09-12 09:11:07','2017-09-12 09:11:07',25,1,'admin',1,'59b7a4aae4b0242804aca54e'),(228,8,9,'','2017-09-12 09:11:07','2017-09-12 09:11:07',30,1,'admin',1,'59b7a4aae4b0242804aca54e'),(229,8,34,'','2017-09-12 09:11:07','2017-09-12 09:11:07',36,1,'admin',1,'59b7a4aae4b0242804aca54e'),(230,8,45,'38,43,39','2017-09-12 09:11:07','2017-09-12 09:11:07',37,1,'admin',1,'59b7a4aae4b0242804aca54e'),(231,8,32,'','2017-09-12 09:36:13','2017-09-12 09:36:13',1,1,'admin',1,'59b7aa8ce4b0242804aca560'),(232,8,37,'','2017-09-12 09:36:13','2017-09-12 09:36:13',18,1,'admin',1,'59b7aa8ce4b0242804aca560'),(233,8,15,'','2017-09-12 09:36:13','2017-09-12 09:36:13',20,1,'admin',1,'59b7aa8ce4b0242804aca560'),(234,8,16,'','2017-09-12 09:36:13','2017-09-12 09:36:13',23,1,'admin',1,'59b7aa8ce4b0242804aca560'),(235,8,17,'','2017-09-12 09:36:13','2017-09-12 09:36:13',26,1,'admin',1,'59b7aa8ce4b0242804aca560'),(236,8,9,'','2017-09-12 09:36:13','2017-09-12 09:36:13',31,1,'admin',1,'59b7aa8ce4b0242804aca560'),(237,8,34,'','2017-09-12 09:36:13','2017-09-12 09:36:13',37,1,'admin',1,'59b7aa8ce4b0242804aca560'),(238,8,45,'38,43,39','2017-09-12 09:36:13','2017-09-12 09:36:13',38,1,'admin',1,'59b7aa8ce4b0242804aca560'),(239,8,32,'','2017-09-17 02:45:00','2017-09-17 02:45:00',1,1,'admin',1,'59bde1abe4b0242804aca5ee'),(240,8,37,'','2017-09-17 02:45:00','2017-09-17 02:45:00',19,1,'admin',1,'59bde1abe4b0242804aca5ee'),(241,8,15,'','2017-09-17 02:45:00','2017-09-17 02:45:00',21,1,'admin',1,'59bde1abe4b0242804aca5ee'),(242,8,16,'','2017-09-17 02:45:00','2017-09-17 02:45:00',24,1,'admin',1,'59bde1abe4b0242804aca5ee'),(243,8,17,'','2017-09-17 02:45:00','2017-09-17 02:45:00',27,1,'admin',1,'59bde1abe4b0242804aca5ee'),(244,8,9,'','2017-09-17 02:45:00','2017-09-17 02:45:00',32,1,'admin',1,'59bde1abe4b0242804aca5ee'),(245,8,34,'','2017-09-17 02:45:00','2017-09-17 02:45:00',38,1,'admin',1,'59bde1abe4b0242804aca5ee'),(246,8,45,'38,43,39','2017-09-17 02:45:00','2017-09-17 02:45:00',39,1,'admin',1,'59bde1abe4b0242804aca5ee');
/*!40000 ALTER TABLE `industry_objects` ENABLE KEYS */;
UNLOCK TABLES;

--
-- Table structure for table `objects`
--

DROP TABLE IF EXISTS `objects`;
/*!40101 SET @saved_cs_client     = @@character_set_client */;
/*!40101 SET character_set_client = utf8 */;
CREATE TABLE `objects` (
  `id` int(11) NOT NULL AUTO_INCREMENT,
  `objectName` varchar(100) NOT NULL,
  `imagePath` varchar(100) NOT NULL,
  `cssClass` varchar(255) NOT NULL,
  `configPath` varchar(100) NOT NULL,
  `editConfigPath` varchar(100) NOT NULL,
  `detailsConfigPath` varchar(100) NOT NULL,
  `controllerName` varchar(200) NOT NULL,
  `viewName` varchar(200) NOT NULL,
  `editViewName` varchar(200) NOT NULL,
  `detailsViewName` varchar(200) NOT NULL,
  `createdDate` datetime NOT NULL,
  `modifiedDate` datetime NOT NULL,
  PRIMARY KEY (`id`)
) ENGINE=InnoDB AUTO_INCREMENT=46 DEFAULT CHARSET=latin1;
/*!40101 SET character_set_client = @saved_cs_client */;

--
-- Dumping data for table `objects`
--

LOCK TABLES `objects` WRITE;
/*!40000 ALTER TABLE `objects` DISABLE KEYS */;
INSERT INTO `objects` VALUES (1,'Accounts','','fa  fa-database','ViewAccounts','Accounts','AccountDetails','AccountController','app/views/ViewAccounts.html','app/views/Account.html','app/views/AccountDetails.html','2016-05-26 00:00:00','2016-05-26 00:00:00'),(2,'Contacts','','fa fa-book','ViewContacts','Contacts','ContactDetails','ContactController','app/views/ViewContacts.html','app/views/Contact.html','app/views/ContactDetails.html','2016-05-26 00:00:00','2016-05-26 00:00:00'),(3,'Products','','fa fa-cubes','fa fa-angle-left pull-right','','','','','','','2016-05-26 00:00:00','2016-05-26 00:00:00'),(4,'Product','','fa fa-circle-o','ViewProducts','Products','ProductDetails','ProductController','app/views/ViewProducts.html','app/views/Product.html','app/views/ProductDetails.html','2016-05-26 00:00:00','2016-05-26 00:00:00'),(5,'Expense Category','','fa fa-circle-o','ViewProductCategories','ProductCategory','ProductCategoryDetails','productCategoryController','app/views/ViewProductCategories.html','app/views/ProductCategory.html','app/views/ProductCategoryDetails.html','2016-05-26 00:00:00','2016-05-26 00:00:00'),(6,'Dashboard','','fa fa-dashboard','home','','','HomeController','app/views/home.html','','','2016-05-22 00:00:00','2016-05-29 00:00:00'),(7,'Settings','','fa fa-user','FBSettings','','','fbController','app/views/FBSettings.html','','','2016-05-29 00:00:00','2016-05-29 00:00:00'),(8,'Leads','','fa fa-group','ViewLeads','Leads','LeadDetails','LeadController','app/views/ViewLeads.html','app/views/Leads.html','app/views/LeadDetails.html','2016-05-29 00:00:00','2016-05-29 00:00:00'),(9,'Project','','fa fa-group','ViewProjects','Projects','ProjectDetails','ProjectController','app/views/ViewProjects.html','app/views/Project.html','app/views/ProjectDetails.html','2016-05-29 00:00:00','2016-05-29 00:00:00'),(10,'Rooms','','fa fa-table','fa fa-angle-left pull-right','','','','','','','2016-05-29 00:00:00','2016-05-29 00:00:00'),(11,'Meeting Rooms','','fa fa-circle-o','ViewRooms','Rooms','RoomDetails','RoomController','app/views/ViewRooms.html','app/views/Rooms.html','app/views/RoomsDetails.html','2016-05-29 00:00:00','2016-05-29 00:00:00'),(12,'Guest Rooms','','fa fa-circle-o','ViewGuestRooms','GuestRooms','GuestRoomsDetails','guestRoomController','app/views/ViewGuestRooms.html','app/views/GuestRooms.html','app/views/GuestRoomsDetails.html','2016-05-30 00:00:00','2016-05-30 00:00:00'),(13,'Seating Layout','','fa fa-circle-o','ViewRoomTemplates','RoomTemplate','RoomTemplateDetails','RoomTemplateController','app/views/ViewRoomTemplate.html','app/views/RoomTemplate.html','app/views/RoomTemplateDetails.html','2016-05-30 00:00:00','2016-05-30 00:00:00'),(14,'Expenses','','fa fa-cubes','fa fa-angle-left pull-right','','','','','','','2016-06-03 00:00:00','2016-06-03 00:00:00'),(15,'Expenses','','fa fa-circle-o','ViewExpenses','Expenses','ExpensesDetails','expenseController','app/views/ViewExpenses.html','app/views/Expenses.html','app/views/ExpensesDetails.html','2016-06-03 00:00:00','2016-06-03 00:00:00'),(16,'Expense Reports','','fa fa-circle-o','ViewExpenseReports','Reports','ExpenseReportDetails','ExpenseReportsController','app/views/ViewExpenseReports.html','app/views/Reports.html','app/views/ExpenseReportDetails.html','2016-06-03 00:00:00','2016-06-03 00:00:00'),(17,'Approvals','','fa fa-circle-o','ViewApprovals','Approval','','approvalController','app/views/ViewApprovals.html','app/views/Approval.html','','2016-06-03 00:00:00','2016-06-03 00:00:00'),(18,'Events','','fa fa-dollar','ViewQuotes','Quotes','','QuoteController','app/views/ViewQuotes.html','app/views/Quotes.html','','2016-06-03 00:00:00','2016-06-03 00:00:00'),(19,'Function Diary','resources/images/functiondiary.png','fa','functionDiary','','','functionDairyController','','app/views/functionDairy.html','','2016-06-03 00:00:00','2016-06-03 00:00:00'),(20,'Stories','resources/images/sp.png','fa','ViewStory','Story','StoryDetails','StoryController','app/views/ViewStory.html','app/views/Story.html','app/views/StoryDetails.html','2016-06-03 00:00:00','2016-06-03 00:00:00'),(22,'Communication','','fa fa-user','viewPushNotifications','Communication','','CommunicationController','app/views/ViewPushNotifications.html','app/views/PushNotification.html','','2016-06-03 00:00:00','2016-06-03 00:00:00'),(23,'Others','','fa fa-th-list','fa fa-angle-left pull-right','','','','','','','2016-06-03 00:00:00','2016-06-03 00:00:00'),(24,'Activities','','fa fa-circle-o','ViewActivities','Activities','ActivitiesDetails','ActivityController','app/views/ViewActivities.html','app/views/Activities.html','app/views/ActivitiesDetails.html','2016-06-03 00:00:00','2016-06-03 00:00:00'),(25,'Proposals','','fa fa-circle-o','ViewPropsals','Proposals','ProposalDetails','ProposalsController','app/views/ViewProposals.html','app/views/Proposals.html','app/views/ProposalDetails.html','2016-06-03 00:00:00','2016-06-03 00:00:00'),(26,'Potentials','','fa fa-circle-o','ViewPotential','potential','PotentialDetails','PotentialController','app/views/ViewPotential.html','app/views/potential.html','app/views/PotentialDetails.html','2016-06-03 00:00:00','2016-06-03 00:00:00'),(27,'Vendors','','fa fa-circle-o','ViewVendor','Vendor','VendorDetails','VendorController','app/views/ViewVendor.html','app/views/Vendor.html','app/views/VendorDetails.html','2016-06-03 00:00:00','2016-06-03 00:00:00'),(28,'Learning','','fa fa-circle-o','Learning','','','','','','','2016-06-03 00:00:00','2016-06-03 00:00:00'),(30,'Service Request','','fa fa-group','ViewServiceRequests','ServiceRequests','ServiceRequestDetails','ServiceRequestController','app/views/ViewServiceRequests.html','app/views/ServiceRequests.html','app/views/ServiceRequestDetails.html','2016-06-09 00:00:00','2016-06-09 00:00:00'),(31,'Assessment Response','','fa fa-group','ViewAssessments','Assessments','AssessmentDetails','assessmentResponseController','app/views/ViewAssessments.html','app/views/AssessmentResponse.html','app/views/AssessmentDetails.html','2016-06-09 00:00:00','2016-06-09 00:00:00'),(32,'Dashboard','','fa fa-dashboard','ExpenseHome','','','HomeController','app/views/ExpenseHome.html','','','2016-06-09 00:00:00','2016-06-09 00:00:00'),(33,'GRC','','fa fa-group','ViewFQgrc','FQgrc','FQgrcDetails','grcController','app/views/GRC.html','app/views/AssessmentResponse.html','app/views/AssessmentResponse.html','2016-06-09 00:00:00','2016-06-09 00:00:00'),(34,'Expense Analytics','','fa fa-group','Analytics','','','ExpenseReportsController','app/views/AnalyticsForExpense.html','','','2016-06-09 00:00:00','2016-06-09 00:00:00'),(35,'Domain Setting','','fa fa-group','ViewDomain','Domain','domainDetails','domainController','app/views/ViewDomain.html','app/views/Domain.html','app/views/domainSettingsDetails.html','2016-06-09 00:00:00','2016-06-09 00:00:00'),(36,'Tags','','fa fa-group','ViewTags','Tags','TagDetails','tagController','app/views/ViewTags.html','app/views/Tag.html','app/views/TagDetails.html','2016-06-09 00:00:00','2016-06-09 00:00:00'),(38,'General Setup','','fa fa-group','Expense_Profile','','','fbController','app/views/Expense_Profile.html','','','2016-06-09 00:00:00','2016-06-09 00:00:00'),(39,'Expense Category','','fa fa-circle-o','ViewProductCategories','ProductCategory','ProductCategoryDetails','productCategoryController','app/views/ViewProductCategories.html','app/views/ProductCategory.html','app/views/ProductCategoryDetails.html','2016-05-26 00:00:00','2016-05-26 00:00:00'),(40,'Promotions','','fa fa-group','ViewBeacon','Beacon','','beaconController','app/views/ViewBeacon.html','app/views/Beacon.html','','2016-05-26 00:00:00','2016-05-26 00:00:00'),(41,'Company Management','','fa fa-group','ViewCompany','Company','CompanySettingsDetails','domainController','app/views/ViewCompany.html','app/views/companyCreation.html','app/views/CompanySettingsDetails.html','2016-08-26 00:00:00','2016-08-26 00:00:00'),(42,'Reports','','fa fa-group','ViewReport','','','QuoteController','app/views/FunctionProductivityReport.html','','','2016-06-03 00:00:00','2016-06-03 00:00:00'),(43,'Mileage Setup','','fa fa-user','ViewMilesCategories','MilesDistance','MilesDistanceCategoryDetails','MilesDistanceCategoryController','app/views/ViewMilesCategories.html','app/views/MilesDistance.html','app/views/MilesDistanceCategoryDetails.html','2016-05-29 00:00:00','2016-05-29 00:00:00'),(44,'General Setup','','fa fa-user','FBSettings','','','fbController','app/views/FBSettings.html','','','2016-05-29 00:00:00','2016-05-29 00:00:00'),(45,'Settings','','fa fa-cubes','fa fa-angle-left pull-right','','','','','','','2016-05-26 00:00:00','2016-05-26 00:00:00');
/*!40000 ALTER TABLE `objects` ENABLE KEYS */;
UNLOCK TABLES;

--
-- Table structure for table `sp_roles`
--

DROP TABLE IF EXISTS `sp_roles`;
/*!40101 SET @saved_cs_client     = @@character_set_client */;
/*!40101 SET character_set_client = utf8 */;
CREATE TABLE `sp_roles` (
  `id` int(11) NOT NULL AUTO_INCREMENT,
  `companyName` varchar(45) DEFAULT 'Null',
  `role` varchar(45) DEFAULT 'Null',
  `role_level` int(11) DEFAULT NULL,
  `parent` int(11) DEFAULT NULL,
  `description` varchar(45) DEFAULT '"description"',
  PRIMARY KEY (`id`)
) ENGINE=InnoDB AUTO_INCREMENT=247 DEFAULT CHARSET=utf8;
/*!40101 SET character_set_client = @saved_cs_client */;

--
-- Dumping data for table `sp_roles`
--

LOCK TABLES `sp_roles` WRITE;
/*!40000 ALTER TABLE `sp_roles` DISABLE KEYS */;
INSERT INTO `sp_roles` VALUES (59,'Alzafra','admin',1,0,'Top'),(61,'UnitedGroups','admin',1,0,'Top'),(62,'Syscom pvt ltd','admin',1,0,'Top'),(64,'Syscom pvt ltd','GM',2,62,''),(75,'UnitedGroups','PM',2,61,'product manager'),(76,'UnitedGroups','pm',3,75,'hasgdshgfhsdgfhsdfghsdfghsdhsg'),(77,'UnitedGroups','fgdshfsdjfhsdgfsjgfsdhfgdshfghsdgfshdfs',4,76,''),(78,'UnitedGroups','dklasjdahdshfjhfjhdsfhsdjfhdsgfhsjdf',5,77,'skdfhsdfhbshdfghdsgfhdghjdgsfhgfhdfdhsgf'),(79,'UnitedGroups','12343445454545345',2,61,''),(83,'Holiday Inn I-95 South','admin',1,0,'admin'),(84,'Holiday Inn I-95 South','CEO',2,83,''),(96,'Holiday Inn I-95 South','CSO',3,84,''),(97,'Holiday Inn I-95 South','CMO',3,84,''),(98,'Developer Test','admin',1,0,'fd'),(99,'Developer Test','Manager',2,98,'test'),(100,'GetPaid','Manager',2,1,''),(101,'GetPaid','TeamLead',3,100,''),(102,'QaInc','admin',1,0,'admin'),(103,'QaInc','Director',2,102,''),(104,'QaInc','GM',3,103,''),(105,'QaInc','Manager',4,104,''),(112,'GetPaid','FinancialAdmin',2,1,''),(137,'Hyderabad','admin',1,0,'Top'),(138,'Putorica test','admin',1,0,'Top'),(139,'test putorica','admin',1,0,'Top'),(140,'Putorica','admin',1,0,'Top'),(141,'Putorica','Manager',2,140,''),(142,'Putorica','Reportee',3,141,''),(146,'puto test','admin',1,0,'Top'),(147,'hhhbk k','admin',1,0,'Top'),(148,'Merck','admin',1,0,'Top'),(149,'Merck','Manager',2,148,''),(150,'Merck','Reportee',3,149,''),(151,'satish test','admin',1,0,'Top'),(152,'swetha test','admin',1,0,'Top'),(153,'sample','admin',1,0,'Top'),(154,'saq','admin',1,0,'Top'),(155,'his','admin',1,0,'Top'),(156,'saa','admin',1,0,'Top'),(157,'Personal','admin',1,0,'Top'),(158,'grfgl','admin',1,0,'Top'),(159,'swethatest','admin',1,0,'Top'),(160,'satishasr','admin',1,0,'Top'),(169,'nice3nice','admin',1,0,'Top'),(170,'SMC','admin',1,0,'Top'),(171,'SMC','Manager',2,170,''),(172,'QaInc','sales manager',4,104,''),(174,'QMT','admin',1,0,'Top'),(175,'Swetha-QA','admin',1,0,'Top'),(177,'Yahoomail','admin',1,0,'Top'),(178,'SAS','admin',1,0,'Top'),(179,'e3media','admin',1,0,'Top'),(198,'FocalCXM','admin',1,0,'Top'),(199,'FocalCXM','FinancialAdmin',2,198,''),(200,'FocalCXM','Manager',2,198,''),(201,'FocalCXM','Lead',3,200,''),(204,'padmaja','admin',1,0,'Top'),(212,'ExpenseSquare','admin',1,0,'Top'),(213,'ExpenseSquare','FinancialAdmin',2,212,''),(214,'ExpenseSquare','Manager',2,212,''),(215,'ExpenseSquare','Employee',3,214,''),(216,'ExpenseSquare','FinanceAdmin',2,212,''),(217,'google','admin',1,0,'Top'),(218,'google','FinanceAdmin',2,217,''),(219,'google','Manager',2,217,''),(220,'google','Employee',3,219,''),(221,'BadalGarg','admin',1,0,'Top'),(222,'BadalGarg','Manager',2,221,''),(223,'BadalGarg','Employee',3,222,''),(224,'FocalCXM','Manager2',2,198,''),(225,'Yahoo','admin',1,0,'Top'),(226,'xyz','admin',1,0,'Top'),(227,'Gold G','admin',1,0,'Top'),(228,'GG','admin',1,0,'Top'),(229,'testexp','admin',1,0,'Top'),(244,'Rediff','admin',1,0,'Top'),(245,'Rediff','Manager',2,244,''),(246,'KP','admin',1,0,'Top');
/*!40000 ALTER TABLE `sp_roles` ENABLE KEYS */;
UNLOCK TABLES;

--
-- Table structure for table `sp_user`
--

DROP TABLE IF EXISTS `sp_user`;
/*!40101 SET @saved_cs_client     = @@character_set_client */;
/*!40101 SET character_set_client = utf8 */;
CREATE TABLE `sp_user` (
  `id` int(11) NOT NULL AUTO_INCREMENT,
  `public_id` varchar(225) DEFAULT NULL,
  `firstname` varchar(45) NOT NULL,
  `lastname` varchar(45) NOT NULL,
  `email` varchar(125) NOT NULL,
  `username` varchar(45) NOT NULL,
  `password` varchar(45) NOT NULL,
  `active` tinyint(1) DEFAULT NULL,
  `validated` tinyint(1) DEFAULT NULL,
  `validation_token` varchar(64) DEFAULT NULL,
  `user_language` varchar(45) DEFAULT NULL,
  `timezone` varchar(45) DEFAULT NULL,
  `role` varchar(45) DEFAULT NULL,
  `sp_user_supervisor_id` int(11) DEFAULT NULL,
  `created_date` datetime DEFAULT NULL,
  `updated_date` datetime DEFAULT NULL,
  `service_type` varchar(45) DEFAULT NULL,
  `user_type` varchar(45) DEFAULT NULL,
  `forgotpassword_token` varchar(45) DEFAULT NULL,
  `company_name` varchar(45) DEFAULT 'test',
  `supervisor_id` varchar(45) DEFAULT '1',
  `phone` varchar(45) DEFAULT '0',
  `industry_id` int(11) DEFAULT '1',
  `role_level` int(11) DEFAULT NULL,
  `location` varchar(45) DEFAULT NULL,
  `profile_pic` varchar(45) DEFAULT NULL,
  `currency` varchar(45) DEFAULT NULL,
  `company_level_visibility` tinyint(4) DEFAULT '0',
  `gender` varchar(20) DEFAULT NULL,
  `socialMediaType` varchar(45) DEFAULT NULL,
  `uuid` varchar(100) DEFAULT NULL,
  `eligibleTosubmitReports` tinyint(4) DEFAULT '1',
  `company_Id` varchar(45) DEFAULT NULL,
  PRIMARY KEY (`id`),
  UNIQUE KEY `email_UNIQUE` (`email`),
  UNIQUE KEY `username_UNIQUE` (`username`),
  KEY `fk_sp_user_sp_user1` (`sp_user_supervisor_id`),
  CONSTRAINT `fk_sp_user_sp_user1` FOREIGN KEY (`sp_user_supervisor_id`) REFERENCES `sp_user` (`id`) ON DELETE NO ACTION ON UPDATE NO ACTION
) ENGINE=InnoDB AUTO_INCREMENT=780190 DEFAULT CHARSET=utf8;
/*!40101 SET character_set_client = @saved_cs_client */;

--
-- Dumping data for table `sp_user`
--

LOCK TABLES `sp_user` WRITE;
/*!40000 ALTER TABLE `sp_user` DISABLE KEYS */;
INSERT INTO `sp_user` VALUES (779796,'14fd2777-d41c-11e6-81e0-000d3af78f89','narender','superadmin','narendar.rathod@focalcxm.com','narendar.rathod@focalcxm.com','827ccb0eea8a706c4c34a16891f84e7b',1,1,'','',NULL,'superAdmin',NULL,'2016-09-07 03:28:24','2016-09-07 03:28:24',NULL,'premium','','Expensesqaure','','808',8,0,'','','',0,NULL,NULL,NULL,1,'0'),(779988,'95e0cce9-d718-11e6-81e0-000d3af78f89','Girish','P','girish@focalcxm.com','girish@focalcxm.com','827ccb0eea8a706c4c34a16891f84e7b',1,NULL,'','',NULL,'FinancialAdmin',NULL,'2017-01-10 09:38:48','2017-01-10 09:38:48',NULL,'premium','','FocalCXM','9875e895-dbe1-11e6-81e0-000d3af78f89','',8,2,'','',NULL,1,'','','',1,'5880a61ae4b0ad3486167597'),(779990,'688dac5f-d719-11e6-81e0-000d3af78f89','Aparna','K','aparna.kamaraju@focalcxm.com','aparna.kamaraju@focalcxm.com','827ccb0eea8a706c4c34a16891f84e7b',1,NULL,'','',NULL,'Manager',NULL,'2017-01-10 09:44:41','2017-01-10 09:44:41',NULL,'premium','','FocalCXM','d19664b4-d65c-11e6-81e0-000d3af78f89','',8,2,'','',NULL,1,'','','',1,'5880a61ae4b0ad3486167597'),(779993,'d69985ff-d719-11e6-81e0-000d3af78f89','nkads','','padmaja.appana@focalcxm.com','padmaja.appana@focalcxm.com','827ccb0eea8a706c4c34a16891f84e7b',1,NULL,'','',NULL,'admin',NULL,'2017-01-10 09:47:46','2017-01-10 09:47:46',NULL,'premium','','padmaja','','3748928',8,1,'','',NULL,0,'','','',0,'5874adbce4b07a6814173cde'),(779994,'8d2e3017-d8bf-11e6-81e0-000d3af78f89','Abu','Ghazi','abu.syed@focalcxm.com','abu.syed@focalcxm.com','827ccb0eea8a706c4c34a16891f84e7b',1,NULL,'','',NULL,'Lead',NULL,'2017-01-12 12:06:30','2017-01-12 12:06:30',NULL,'','','FocalCXM','688dac5f-d719-11e6-81e0-000d3af78f89','',8,3,'','',NULL,1,'','','',1,'5880a61ae4b0ad3486167597'),(780029,'9ae195cd-f587-11e6-a007-000d3af78f89','Vikas','Singhvi','vikas.singhvi@expensesquare.com','vikas.singhvi@expensesquare.com','2278a0f743d90e23b2fb4d009e6af10a',1,NULL,'','',NULL,'admin',NULL,'2017-02-18 03:09:05','2017-02-18 03:09:05',NULL,'premium','','ExpenseSquare','','5089044395',8,1,'','',NULL,1,'','','',0,'58a7bacae4b0ad34861675c1'),(780030,'19694c9b-f588-11e6-a007-000d3af78f89','Badal','Garg','badal.garg@expensesquare.com','badal.garg@expensesquare.com','2278a0f743d90e23b2fb4d009e6af10a',1,NULL,'','',NULL,'FinancialAdmin',NULL,'2017-02-18 03:12:37','2017-02-18 03:12:37',NULL,'premium','','ExpenseSquare','','',8,2,'','',NULL,1,'','','',1,'58a7bacae4b0ad34861675c1'),(780031,'e0605294-f588-11e6-a007-000d3af78f89','demo','demo','demo@expensesquare.com','demo@expensesquare.com','2278a0f743d90e23b2fb4d009e6af10a',1,NULL,'','',NULL,'Employee',NULL,'2017-02-18 03:18:11','2017-02-18 03:18:11',NULL,'premium','','ExpenseSquare','d5089a15-f5e6-11e6-a007-000d3af78f89','',8,3,'','',NULL,1,'','','',1,'58a7bacae4b0ad34861675c1'),(780035,'d5089a15-f5e6-11e6-a007-000d3af78f89','Demomanager','demomanager','demomanager@expensesquare.com','demomanager@expensesquare.com','2278a0f743d90e23b2fb4d009e6af10a',1,NULL,'','',NULL,'Manager',NULL,'2017-02-18 14:30:45','2017-02-18 14:30:45',NULL,'premium','','ExpenseSquare','','',8,2,'','',NULL,1,'','','',1,'58a7bacae4b0ad34861675c1'),(780036,'60c4280f-f758-11e6-a007-000d3af78f89','Vikas Singhvi','','vikas.singhavi@gmail.com','vikas.singhavi@gmail.com','2278a0f743d90e23b2fb4d009e6af10a',1,NULL,'','',NULL,'admin',NULL,'2017-02-20 10:36:03','2017-02-20 10:36:03',NULL,'premium','','google','','1111111',8,1,'','',NULL,1,'','','',0,'58aac689e4b0ad34861675cd'),(780037,'5cc2dd65-f75b-11e6-a007-000d3af78f89','Pratibha','ExpenseSquare','prati.vs@gmail.com','prati.vs@gmail.com','2278a0f743d90e23b2fb4d009e6af10a',1,NULL,'','',NULL,'Manager',NULL,'2017-02-20 10:57:25','2017-02-20 10:57:25',NULL,'premium','','google','','',8,2,'','',NULL,1,'','','',1,'58aac689e4b0ad34861675cd'),(780038,'83be6919-f75b-11e6-a007-000d3af78f89','Vikas','S','vs030609@gmail.com','vs030609@gmail.com','2278a0f743d90e23b2fb4d009e6af10a',1,NULL,'','',NULL,'Employee',NULL,'2017-02-20 10:58:31','2017-02-20 10:58:31',NULL,'premium','','google','5cc2dd65-f75b-11e6-a007-000d3af78f89','',8,3,'','',NULL,1,'','','',1,'58aac689e4b0ad34861675cd'),(780039,'6427ef2c-f8eb-11e6-a007-000d3af78f89','Hari','Prasath','hariprasath.ragupathi@focalcxm.com','hariprasath.ragupathi@focalcxm.com','827ccb0eea8a706c4c34a16891f84e7b',1,NULL,'','',NULL,'Lead',NULL,'2017-02-22 10:40:56','2017-02-22 10:40:56',NULL,'premium','','FocalCXM','688dac5f-d719-11e6-81e0-000d3af78f89','',8,3,'','',NULL,1,'','','',1,'5880a61ae4b0ad3486167597'),(780043,'6fae4c42-fe3e-11e6-a007-000d3af78f89','','','tokkyo.isyo.2016.106@gmail.com','tokkyo.isyo.2016.106@gmail.com','bea5670eb653752ed97a1f9d66372d0d',1,NULL,'','',NULL,'',NULL,'2017-03-01 05:18:00','2017-03-01 05:18:00',NULL,'','','google','','',8,1,'','',NULL,0,'','','',0,'58aac689e4b0ad34861675cd'),(780044,'f372781d-0208-11e7-a007-000d3af78f89','','','vineetgupta.in@gmail.com','vineetgupta.in@gmail.com','b895772d1398a9f5022dd6718288c677',0,NULL,'847839','',NULL,'',NULL,'2017-03-06 01:05:13','2017-03-06 01:05:13',NULL,'','5006b379b0a74ffc86b379b0a7dffcc2','google','','',8,1,'','',NULL,0,'','','',0,'58aac689e4b0ad34861675cd'),(780045,'7d17d1cc-02b9-11e7-a007-000d3af78f89','','','badalgarg@gmail.com','badalgarg@gmail.com','2278a0f743d90e23b2fb4d009e6af10a',1,NULL,'','',NULL,'',NULL,'2017-03-06 22:08:55','2017-03-06 22:08:55',NULL,'','','google','','',8,1,'','',NULL,0,'','','',0,'58aac689e4b0ad34861675cd'),(780048,'119ac360-03fd-11e7-a007-000d3af78f89','','','uniyalmadhur@gmail.com','uniyalmadhur@gmail.com','e10adc3949ba59abbe56e057f20f883e',1,NULL,'','',NULL,'',NULL,'2017-03-08 12:45:11','2017-03-08 12:45:11',NULL,'','','google','','',8,1,'','',NULL,0,'','','',0,'58aac689e4b0ad34861675cd'),(780051,'37698281-040b-11e7-a007-000d3af78f89','','','madhur.uniyal@briskon.com','madhur.uniyal@briskon.com','827ccb0eea8a706c4c34a16891f84e7b',1,NULL,'','',NULL,'',NULL,'2017-03-08 14:26:28','2017-03-08 14:26:28',NULL,'','','Briskon Technology','','',8,1,'','',NULL,0,'','','',0,'58c0143ce4b04836e6a41d25'),(780055,'8f5f5b8a-0a0d-11e7-a007-000d3af78f89','','','Stacienomflove918@gmail.com','Stacienomflove918@gmail.com','b895772d1398a9f5022dd6718288c677',0,NULL,'699766','',NULL,'',NULL,'2017-03-16 05:58:21','2017-03-16 05:58:21',NULL,'','86bfa0849ae8409bbfa0849ae8809b61','google','','',8,1,'','',NULL,0,'','','',0,'58aac689e4b0ad34861675cd'),(780074,'5489feaf-0bd7-11e7-a007-000d3af78f89','','','sandeepkumar.jakkaraju@gmail.com','sandeepkumar.jakkaraju@gmail.com','b895772d1398a9f5022dd6718288c677',0,NULL,'855403','',NULL,'',NULL,'2017-03-18 12:35:12','2017-03-18 12:35:12',NULL,'','9aebd83a327b4be2abd83a327bcbe224','google','','',8,1,'','',NULL,0,'','','',0,'58aac689e4b0ad34861675cd'),(780075,'8163b316-0bd7-11e7-a007-000d3af78f89','','','jakkarajusandeep@gmail.com','jakkarajusandeep@gmail.com','b895772d1398a9f5022dd6718288c677',0,NULL,'676506','',NULL,'',NULL,'2017-03-18 12:36:27','2017-03-18 12:36:27',NULL,'','f16337b038a94212a337b038a9c21267','google','','',8,1,'','',NULL,0,'','','',0,'58aac689e4b0ad34861675cd'),(780076,'25fa8265-0bd9-11e7-a007-000d3af78f89','','','sjfocalcxm@gmail.com','sjfocalcxm@gmail.com','b895772d1398a9f5022dd6718288c677',0,NULL,'280477','',NULL,'',NULL,'2017-03-18 12:48:13','2017-03-18 12:48:13',NULL,'','7b024262d9034d3a824262d9036d3aea','google','','',8,1,'','',NULL,0,'','','',0,'58aac689e4b0ad34861675cd'),(780079,'7713fddf-0cb3-11e7-a007-000d3af78f89','','','varchas.jakkaraju@gmail.com','varchas.jakkaraju@gmail.com','b895772d1398a9f5022dd6718288c677',0,NULL,'209712','',NULL,'',NULL,'2017-03-19 14:50:59','2017-03-19 14:50:59',NULL,'','a18f60bb2f2646ac8f60bb2f26e6ac98','google','','',8,1,'','',NULL,0,'','','',0,'58aac689e4b0ad34861675cd'),(780096,'8ce3c210-0d8a-11e7-a007-000d3af78f89','','','abdul.majeed@focalcxm.com','abdul.majeed@focalcxm.com','cd8358c1fa4fa26ead7376365f2cad00',1,NULL,'','',NULL,'Lead',NULL,'2017-03-20 16:30:38','2017-03-20 16:30:38',NULL,'','','FocalCXM','','',8,3,'','',NULL,1,'','','',0,'5880a61ae4b0ad3486167597'),(780097,'51ae1a8a-0eef-11e7-a007-000d3af78f89','','','abdul.khadar@focalcxm.com','abdul.khadar@focalcxm.com','827ccb0eea8a706c4c34a16891f84e7b',1,NULL,'','',NULL,'Lead',NULL,'2017-03-22 11:04:29','2017-03-22 11:04:29',NULL,'','fc08e88167ce41b088e88167cea1b0c2','FocalCXM','','',8,3,'','',NULL,1,'','','',1,'5880a61ae4b0ad3486167597'),(780098,'db71e229-0eef-11e7-a007-000d3af78f89','','','satish.annem@focalcxm.com','satish.annem@focalcxm.com','827ccb0eea8a706c4c34a16891f84e7b',1,NULL,'','',NULL,'Lead',NULL,'2017-03-22 11:08:20','2017-03-22 11:08:20',NULL,'','','FocalCXM','','',8,3,'','',NULL,1,'','','',0,'5880a61ae4b0ad3486167597'),(780101,'019e3a06-0efc-11e7-a007-000d3af78f89','Sheikh','','venkat@focalcxm.com','venkat@focalcxm.com','b895772d1398a9f5022dd6718288c677',1,NULL,'629729','',NULL,'admin',NULL,'2017-03-22 12:35:18','2017-03-22 12:35:18',NULL,'premium','da201a8015ca4c10a01a8015ca0c10c1','FocalCXM','','122121212',8,1,'','',NULL,1,'','','',0,'5880a61ae4b0ad3486167597'),(780102,'0928932f-0f00-11e7-a007-000d3af78f89','','','jaideep.reddy@focalcxm.com','jaideep.reddy@focalcxm.com','b895772d1398a9f5022dd6718288c677',0,NULL,'582095','',NULL,'Lead',NULL,'2017-03-22 13:04:09','2017-03-22 13:04:09',NULL,'','57e1bb84cecc400ba1bb84ceccf00b7a','FocalCXM','','',8,3,'','',NULL,1,'','','',0,'5880a61ae4b0ad3486167597'),(780103,'08414978-0f6d-11e7-a007-000d3af78f89','','','garg_deepali@hotmail.com','garg_deepali@hotmail.com','827ccb0eea8a706c4c34a16891f84e7b',1,NULL,'','',NULL,'Employee',NULL,'2017-03-23 02:04:22','2017-03-23 02:04:22',NULL,'','','BadalGarg','','',8,3,'','',NULL,0,'','','',0,'58d32d20e4b0a3de0b204611'),(780105,'b5b88015-0f70-11e7-a007-000d3af78f89','Badal','','Badalgarg@hotmail.com','Badalgarg@hotmail.com','827ccb0eea8a706c4c34a16891f84e7b',1,NULL,'','',NULL,'admin',NULL,'2017-03-23 02:30:42','2017-03-23 02:30:42',NULL,'premium','','BadalGarg','','55555555555',8,1,'','',NULL,0,'','','',0,'58d32d20e4b0a3de0b204611'),(780108,'67236849-10d7-11e7-a007-000d3af78f89','','','namsheedmusthafa@gmail.com','namsheedmusthafa@gmail.com','b895772d1398a9f5022dd6718288c677',0,NULL,'741200','',NULL,'',NULL,'2017-03-24 21:18:19','2017-03-24 21:18:19',NULL,'','7ad7568433c8499797568433c83997a7','google','','',8,1,'','',NULL,0,'','','',0,'58aac689e4b0ad34861675cd'),(780116,'3c085b11-128f-11e7-a007-000d3af78f89','','','zenexllcva@gmail.com','zenexllcva@gmail.com','2278a0f743d90e23b2fb4d009e6af10a',1,NULL,'','',NULL,'',NULL,'2017-03-27 01:46:45','2017-03-27 01:46:45',NULL,'','','google','','',8,1,'','',NULL,0,'','','',0,'58aac689e4b0ad34861675cd'),(780119,'44aacb02-1290-11e7-a007-000d3af78f89','Badal','','ourhousesearchva@gmail.com','ourhousesearchva@gmail.com','827ccb0eea8a706c4c34a16891f84e7b',1,NULL,'','',NULL,'admin',NULL,'2017-03-27 01:54:09','2017-03-27 01:54:09',NULL,'premium','','BadalGarg','','55555555555',8,1,'','',NULL,0,'','','',0,'58d32d20e4b0a3de0b204611'),(780121,'02fe9a49-1611-11e7-a007-000d3af78f89','Sheikh','','shaik.pasha@focalcxm.com','shaik.pasha@focalcxm.com','fb9523d7eadb0e800bed707b413c6da2',1,NULL,'','',NULL,'Lead',NULL,'2017-03-31 12:53:18','2017-03-31 12:53:18',NULL,'premium','','FocalCXM','','122121212',8,3,'','',NULL,1,'','','',0,'5880a61ae4b0ad3486167597'),(780122,'3aafa48a-2044-11e7-a007-000d3af78f89','Sai','Gangula','sai.reddy@focalcxm.com','sai.reddy@focalcxm.com','698d51a19d8a121ce581499d7b701668',1,NULL,'','',NULL,'Lead',NULL,'2017-03-31 12:53:18','2017-03-31 12:53:18',NULL,'premium','','FocalCXM','','122121212',8,3,'','',NULL,1,'','','',0,'5880a61ae4b0ad3486167597'),(780123,'9217ff13-259c-11e7-a007-000d3af78f89','test','Emp','test.expenseemp@gmail.com','test.expenseemp@gmail.com','827ccb0eea8a706c4c34a16891f84e7b',1,NULL,'','',NULL,'admin',NULL,'2017-04-20 07:40:05','2017-04-20 07:40:05',NULL,'premium','','FocalCXM','688dac5f-d719-11e6-81e0-000d3af78f89','',8,1,'','',NULL,1,'','','',0,'5880a61ae4b0ad3486167597'),(780124,'13829acb-2add-11e7-a007-000d3af78f89','','','oecokada@gmail.com','oecokada@gmail.com','e90a2443a027e075fd9247cd1873567e',1,NULL,'','',NULL,'',NULL,'2017-04-27 00:04:26','2017-04-27 00:04:26',NULL,'','','google','','',8,1,'','',NULL,0,'','','',0,'58aac689e4b0ad34861675cd'),(780128,'85b3c818-3585-11e7-9684-000d3af78f89','','','sandeep.jakkaraju@focalcxm.com','sandeep.jakkaraju@focalcxm.com','698d51a19d8a121ce581499d7b701668',1,NULL,'','',NULL,'',NULL,'2017-05-10 13:35:25','2017-05-10 13:35:25',NULL,'','fe562ed84a394e09962ed84a390e0926','FocalCXM','','',8,1,'','',NULL,1,'','','',0,'5880a61ae4b0ad3486167597'),(780129,'2d1425a5-49a1-11e7-9684-000d3af78f89','','','jimcanfieldorama@gmail.com','jimcanfieldorama@gmail.com','eb345fd3edde2d6b547b00f5ae4c5fa1',1,NULL,'','',NULL,'',NULL,'2017-06-05 03:43:45','2017-06-05 03:43:45',NULL,'','e23e3db04cef4370be3db04ceff37089','google','','',8,1,'','',NULL,0,'','','',0,'58aac689e4b0ad34861675cd'),(780131,'1c8722c9-4a4d-11e7-9684-000d3af78f89','','','brit.ledyard@gmail.com','brit.ledyard@gmail.com','746f9e771fed2312339899db285dfc72',1,NULL,'','',NULL,'',NULL,'2017-06-06 00:14:31','2017-06-06 00:14:31',NULL,'','','google','','',8,1,'','',NULL,0,'','','',0,'58aac689e4b0ad34861675cd'),(780132,'f4937fff-515d-11e7-9684-000d3af78f89','','','xxsalman84@gmail.com','xxsalman84@gmail.com','6c1d5876acfd40f6aa05ec14dbb61833',1,NULL,'','',NULL,'',NULL,'2017-06-15 00:02:44','2017-06-15 00:02:44',NULL,'','','google','','',8,1,'','',NULL,0,'','','',0,'58aac689e4b0ad34861675cd'),(780134,'a761f5a9-648f-11e7-9684-000d3af78f89','','','gduvieusart@gmail.com','gduvieusart@gmail.com','c93ccd78b2076528346216b3b2f701e6',1,NULL,'','',NULL,'',NULL,'2017-07-09 10:16:21','2017-07-09 10:16:21',NULL,'','','google','','',8,1,'','',NULL,0,'','','',0,'58aac689e4b0ad34861675cd'),(780135,'2a8e7c07-696b-11e7-9684-000d3af78f89','John','smith','js@gmailtest123.com','js@gmailtest123.com','b895772d1398a9f5022dd6718288c677',0,NULL,'256927','',NULL,'Employee',NULL,'2017-07-15 14:37:45','2017-07-15 14:37:45',NULL,'premium','7d37b3bd80694a59b7b3bd8069fa5969','ExpenseSquare','','',8,3,'','',NULL,1,'','','',0,'58a7bacae4b0ad34861675c1'),(780137,'9170841c-6b05-11e7-9684-000d3af78f89','','','kattasrinu72@gmail.com','kattasrinu72@gmail.com','29e9c69bfa2fb7239c02eed444012207',1,NULL,'','',NULL,'',NULL,'2017-07-17 15:35:32','2017-07-17 15:35:32',NULL,'','','google','','',8,1,'','',NULL,0,'','','',0,'58aac689e4b0ad34861675cd'),(780138,'03f544d4-776b-11e7-b2bd-000d3af78f89','Badal','Garg','badalgarg@yahoo.com','badalgarg@yahoo.com','b895772d1398a9f5022dd6718288c677',0,NULL,'34375958b27f4522b75958b27fc52273','',NULL,'admin',NULL,'2017-08-02 10:11:57','2017-08-02 10:11:57',NULL,'premium','34375958b27f4522b75958b27fc52273','Yahoo','','5087405494',1,1,'','',NULL,0,'','','',0,'5981a56ce4b08cfcec1c04a4'),(780139,'feb9060f-838e-11e7-b2bd-000d3af78f89','','','owharoa@gmail.com','owharoa@gmail.com','d3d6e3bb7bbbc6461a69e0e99f71ae35',1,NULL,'','',NULL,'',NULL,'2017-08-17 20:59:44','2017-08-17 20:59:44',NULL,'','','google','','',8,1,'','',NULL,0,'','','',0,'58aac689e4b0ad34861675cd'),(780142,'70616c7f-8d68-11e7-b2bd-000d3af78f89','','','humdonodosthai@gmail.com','humdonodosthai@gmail.com','287d89d1a134b4c46573599a248eafa5',1,NULL,'','',NULL,'',NULL,'2017-08-30 09:48:56','2017-08-30 09:48:56',NULL,'','','google','','',8,1,'','',NULL,0,'','','',0,'58aac689e4b0ad34861675cd'),(780143,'7614582e-929c-11e7-b2bd-000d3af78f89','BG','','b.g@bg.com','b.g@bg.com','b895772d1398a9f5022dd6718288c677',0,NULL,'a7e7673c81234db5a7673c8123edb5c9','',NULL,'admin',NULL,'2017-09-06 00:43:55','2017-09-06 00:43:55',NULL,'premium','a7e7673c81234db5a7673c8123edb5c9','xyz','','5087400000',1,1,'','',NULL,0,'','','',0,'59af44cbe4b08cfcec1c04dd'),(780144,'3f3b3a1b-9437-11e7-b2bd-000d3af78f89','Gold','G','gold.g@goldg.com','gold.g@goldg.com','b895772d1398a9f5022dd6718288c677',0,NULL,'bc605802113e43c8a05802113e33c88b','',NULL,'admin',NULL,'2017-09-08 01:44:26','2017-09-08 01:44:26',NULL,'premium','bc605802113e43c8a05802113e33c88b','Gold G','','5555555555',1,1,'','',NULL,0,'','','',0,'59b1f5fae4b08cfcec1c04e4'),(780145,'2f08cac0-9439-11e7-b2bd-000d3af78f89','GG','AA','badal.garg@kp.org','badal.garg@kp.org','827ccb0eea8a706c4c34a16891f84e7b',1,NULL,'','',NULL,'admin',NULL,'2017-09-08 01:58:18','2017-09-08 01:58:18',NULL,'premium','','GG','','8882229999',1,1,'','',NULL,0,'','','',0,'59b1f93ae4b08cfcec1c04e5'),(780168,'d1310e55-979d-11e7-b2bd-000d3af78f89','Rediff','','test.expenseemp@rediff.com','test.expenseemp@rediff.com','827ccb0eea8a706c4c34a16891f84e7b',1,NULL,'','',NULL,'admin',NULL,'2017-09-12 09:36:13','2017-09-12 09:36:13',NULL,'premium','','Rediff','','11223344',8,1,'','',NULL,0,'','','',0,'59b7aa8ce4b0242804aca560'),(780169,'08544aa8-979e-11e7-b2bd-000d3af78f89','Test','Manager','test.expenseemp@rediffmail.com','test.expenseemp@rediffmail.com','827ccb0eea8a706c4c34a16891f84e7b',1,NULL,'','',NULL,'admin',NULL,'2017-09-12 09:37:46','2017-09-12 09:37:46',NULL,'premium','','Rediff','d1310e55-979d-11e7-b2bd-000d3af78f89','',8,1,'','',NULL,0,'','','',1,'59b7aa8ce4b0242804aca560'),(780170,'32e1381b-9b52-11e7-b2bd-000d3af78f89','KP','KP','badal.garg1@kp.org','badal.garg1@kp.org','b895772d1398a9f5022dd6718288c677',0,NULL,'417570','',NULL,'admin',NULL,'2017-09-17 02:45:00','2017-09-17 02:45:00',NULL,'premium','7e0270e4f3164ff18270e4f3166ff146','KP','','8888888888',8,1,'','',NULL,0,'','','',0,'59bde1abe4b0242804aca5ee'),(780171,'ed3144e0-9c09-11e7-b2bd-000d3af78f89','','','amitg75@yahoo.com','amitg75@yahoo.com','5973eae2240e2bef0bef014450cdc958',1,NULL,'','',NULL,'',NULL,'2017-09-18 00:40:11','2017-09-18 00:40:11',NULL,'','','Yahoo','','',8,1,'','',NULL,0,'','','',0,'5981a56ce4b08cfcec1c04a4'),(780174,'a29ba0ef-adb2-11e7-b2bd-000d3af78f89','','','tckhetan@hotmail.com','tckhetan@hotmail.com','99eac414db68b49cc747a013df618749',1,NULL,'','',NULL,'',NULL,'2017-10-10 12:00:40','2017-10-10 12:00:40',NULL,'','','BadalGarg','','',8,1,'','',NULL,0,'','','',0,'58d32d20e4b0a3de0b204611'),(780175,'f86909b4-afaf-11e7-b2bd-000d3af78f89','','','deepakgupta_100@yahoo.com','deepakgupta_100@yahoo.com','de8cdcd1b3840c1d1c1cc2a044804a70',1,NULL,'','',NULL,'',NULL,'2017-10-13 00:46:38','2017-10-13 00:46:38',NULL,'','','Yahoo','','',8,1,'','',NULL,0,'','','',0,'5981a56ce4b08cfcec1c04a4'),(780176,'aed1cbf2-bd77-11e7-bee4-000d3af78f89','','','martincfh@gmail.com','martincfh@gmail.com','b895772d1398a9f5022dd6718288c677',0,NULL,'611748','',NULL,'',NULL,'2017-10-30 13:38:59','2017-10-30 13:38:59',NULL,'','917bb9e651a7417cbbb9e651a7017cfb','google','','',8,1,'','',NULL,0,'','','',0,'58aac689e4b0ad34861675cd'),(780177,'f5f7b6f0-c6b4-11e7-bee4-000d3af78f89','','','lesleyroy47@gmail.com','lesleyroy47@gmail.com','483e4c4b0bb36801639d4b2690d288cc',1,NULL,'','',NULL,'',NULL,'2017-11-11 07:50:18','2017-11-11 07:50:18',NULL,'','','google','','',8,1,'','',NULL,0,'','','',0,'58aac689e4b0ad34861675cd'),(780178,'99d4216f-e6f4-11e7-bee4-000d3af78f89','','','jessl_taylor@hotmail.com','jessl_taylor@hotmail.com','e2ea3e4af5da8abbe3ada277c6c51521',1,NULL,'','',NULL,'',NULL,'2017-12-22 08:46:29','2017-12-22 08:46:29',NULL,'','','BadalGarg','','',8,1,'','',NULL,0,'','','',0,'58d32d20e4b0a3de0b204611'),(780179,'592e660b-f03d-11e7-bee4-000d3af78f89','','','dgjanis@gmail.com','dgjanis@gmail.com','ec3a428e5b650bcf23482198c318a170',1,NULL,'','',NULL,'',NULL,'2018-01-03 04:19:54','2018-01-03 04:19:54',NULL,'','','google','','',8,1,'','',NULL,0,'','','',0,'58aac689e4b0ad34861675cd'),(780180,'5bb880af-f8dd-11e7-8780-000d3af78f89','','','vijaysharma303@yahoo.com','vijaysharma303@yahoo.com','f77ea4d6a449d0ecdba286c4de33861a',1,NULL,'','',NULL,'',NULL,'2018-01-14 03:45:27','2018-01-14 03:45:27',NULL,'','','Yahoo','','',8,1,'','',NULL,0,'','','',0,'5981a56ce4b08cfcec1c04a4'),(780181,'95011955-f97f-11e7-8780-000d3af78f89','','','christinapires80@gmail.com','christinapires80@gmail.com','b895772d1398a9f5022dd6718288c677',0,NULL,'297369','',NULL,'',NULL,'2018-01-14 23:06:41','2018-01-14 23:06:41',NULL,'','2e818836a10147b8818836a101b7b875','google','','',8,1,'','',NULL,0,'','','',0,'58aac689e4b0ad34861675cd'),(780182,'35f4ea91-0909-11e8-8780-000d3af78f89','','','mikesaclassic@yahoo.com','mikesaclassic@yahoo.com','fd135420c0af279239e1849672444500',1,NULL,'','',NULL,'',NULL,'2018-02-03 17:39:40','2018-02-03 17:39:40',NULL,'','','Yahoo','','',8,1,'','',NULL,0,'','','',0,'5981a56ce4b08cfcec1c04a4'),(780183,'2ccca18d-090b-11e8-8780-000d3af78f89','','','tracey_cramer@yahoo.com','tracey_cramer@yahoo.com','a6833ab53ab454c160e6cf0b68f36b90',1,NULL,'','',NULL,'',NULL,'2018-02-03 17:53:44','2018-02-03 17:53:44',NULL,'','','Yahoo','','',8,1,'','',NULL,0,'','','',0,'5981a56ce4b08cfcec1c04a4'),(780187,'9ed89ca1-0e6c-11e8-8780-000d3af78f89','','','jasoncc222@gmail.com','jasoncc222@gmail.com','c86916f320b427963827a9c429c11dce',1,NULL,'','',NULL,'',NULL,'2018-02-10 14:13:52','2018-02-10 14:13:52',NULL,'','','google','','',8,1,'','',NULL,0,'','','',0,'58aac689e4b0ad34861675cd'),(780188,'bfb9f5b7-1320-11e8-8780-000d3af78f89','','','deepak.jyotibeverage@gmail.com','deepak.jyotibeverage@gmail.com','60c7d514e20cc1bfe2d9a931e6c3e30b',1,NULL,'','',NULL,'',NULL,'2018-02-16 13:53:21','2018-02-16 13:53:21',NULL,'','','google','','',8,1,'','',NULL,0,'','','',0,'58aac689e4b0ad34861675cd'),(780189,'7dc98473-2560-11e8-8780-000d3af78f89','','','vinodrsmplada@gmail.com','vinodrsmplada@gmail.com','29db739df16f7092b3290df3a7314d5a',1,NULL,'','',NULL,'',NULL,'2018-03-11 19:14:59','2018-03-11 19:14:59',NULL,'','','google','','',8,1,'','',NULL,0,'','','',0,'58aac689e4b0ad34861675cd');
/*!40000 ALTER TABLE `sp_user` ENABLE KEYS */;
UNLOCK TABLES;
/*!50003 SET @saved_cs_client      = @@character_set_client */ ;
/*!50003 SET @saved_cs_results     = @@character_set_results */ ;
/*!50003 SET @saved_col_connection = @@collation_connection */ ;
/*!50003 SET character_set_client  = utf8 */ ;
/*!50003 SET character_set_results = utf8 */ ;
/*!50003 SET collation_connection  = utf8_general_ci */ ;
/*!50003 SET @saved_sql_mode       = @@sql_mode */ ;
/*!50003 SET sql_mode              = 'NO_AUTO_VALUE_ON_ZERO' */ ;
DELIMITER ;;
/*!50003 CREATE*/ /*!50017 DEFINER=`root`@`localhost`*/ /*!50003 TRIGGER `insert_user_uuid` BEFORE INSERT ON `sp_user` FOR EACH ROW   BEGIN
    SET NEW.public_id = (select uuid() from dual);
  END */;;
DELIMITER ;
/*!50003 SET sql_mode              = @saved_sql_mode */ ;
/*!50003 SET character_set_client  = @saved_cs_client */ ;
/*!50003 SET character_set_results = @saved_cs_results */ ;
/*!50003 SET collation_connection  = @saved_col_connection */ ;

--
-- Table structure for table `sp_user_environment`
--

DROP TABLE IF EXISTS `sp_user_environment`;
/*!40101 SET @saved_cs_client     = @@character_set_client */;
/*!40101 SET character_set_client = utf8 */;
CREATE TABLE `sp_user_environment` (
  `id` int(11) NOT NULL AUTO_INCREMENT,
  `sp_user_id` int(11) NOT NULL,
  `domain` varchar(45) DEFAULT NULL,
  `environment` varchar(45) DEFAULT NULL,
  `username` varchar(45) DEFAULT NULL,
  `password` varchar(45) DEFAULT NULL,
  `podname` varchar(45) DEFAULT NULL,
  `env_user_id` varchar(45) DEFAULT NULL,
  `create_activity` tinyint(1) DEFAULT NULL,
  `modification_tracking_enabled` tinyint(1) DEFAULT NULL,
  `client_id` varchar(225) DEFAULT NULL,
  `client_secret` varchar(225) DEFAULT NULL,
  `login_url` varchar(225) DEFAULT NULL,
  `redirect_uri` varchar(225) DEFAULT NULL,
  `modification_sync_timestamp` datetime DEFAULT NULL,
  PRIMARY KEY (`id`),
  KEY `fk_sp_user_environment_sp_user1_idx` (`sp_user_id`)
) ENGINE=InnoDB DEFAULT CHARSET=utf8;
/*!40101 SET character_set_client = @saved_cs_client */;

--
-- Dumping data for table `sp_user_environment`
--

LOCK TABLES `sp_user_environment` WRITE;
/*!40000 ALTER TABLE `sp_user_environment` DISABLE KEYS */;
/*!40000 ALTER TABLE `sp_user_environment` ENABLE KEYS */;
UNLOCK TABLES;

--
-- Dumping events for database 'mini-crm'
--

--
-- Dumping routines for database 'mini-crm'
--
/*!40103 SET TIME_ZONE=@OLD_TIME_ZONE */;

/*!40101 SET SQL_MODE=@OLD_SQL_MODE */;
/*!40014 SET FOREIGN_KEY_CHECKS=@OLD_FOREIGN_KEY_CHECKS */;
/*!40014 SET UNIQUE_CHECKS=@OLD_UNIQUE_CHECKS */;
/*!40101 SET CHARACTER_SET_CLIENT=@OLD_CHARACTER_SET_CLIENT */;
/*!40101 SET CHARACTER_SET_RESULTS=@OLD_CHARACTER_SET_RESULTS */;
/*!40101 SET COLLATION_CONNECTION=@OLD_COLLATION_CONNECTION */;
/*!40111 SET SQL_NOTES=@OLD_SQL_NOTES */;

-- Dump completed on 2018-03-14 12:02:56
